machine_id,line,lifetime_cycles,alert_cycle,lead_time_cycles
8,Line-A,312,234,78
10,Line-A,302,226,76
38,Line-C,315,239,76
61,Line-B,313,239,74
13,Line-A,316,243,73
20,Line-B,288,216,72
23,Line-C,316,244,72
26,Line-B,301,230,71
42,Line-B,283,212,71
55,Line-B,301,230,71
73,Line-B,317,246,71
81,Line-C,290,219,71
62,Line-C,305,235,70
4,Line-A,267,198,69
22,Line-A,306,237,69
100,Line-A,285,217,68
3,Line-B,315,248,67
12,Line-C,264,197,67
57,Line-C,294,227,67
47,Line-B,284,218,66
72,Line-B,272,206,66
92,Line-B,296,230,66
93,Line-B,298,232,66
63,Line-B,282,217,65
87,Line-A,301,236,65
21,Line-A,265,201,64
59,Line-B,255,191,64
94,Line-C,285,221,64
5,Line-A,270,207,63
32,Line-B,272,209,63
76,Line-A,253,190,63
99,Line-B,280,217,63
17,Line-C,292,230,62
18,Line-C,248,186,62
24,Line-C,263,201,62
25,Line-A,263,201,62
98,Line-B,273,211,62
49,Line-B,270,209,61
66,Line-A,291,230,61
78,Line-B,260,200,60
85,Line-B,268,208,60
19,Line-B,296,237,59
40,Line-C,267,208,59
64,Line-C,245,186,59
90,Line-C,300,241,59
9,Line-B,258,200,58
96,Line-C,266,208,58
28,Line-A,244,187,57
69,Line-B,255,198,57
80,Line-C,237,180,57
6,Line-B,230,174,56
30,Line-B,235,179,56
50,Line-C,227,171,56
14,Line-C,258,203,55
86,Line-C,234,179,55
89,Line-C,256,201,55
33,Line-B,250,197,53
48,Line-A,231,179,52
70,Line-B,225,173,52
54,Line-C,229,178,51
71,Line-C,221,170,51
95,Line-A,217,167,50
27,Line-B,233,184,49
44,Line-B,221,172,49
56,Line-C,229,180,49
91,Line-A,230,181,49
2,Line-C,197,149,48
41,Line-C,196,148,48
58,Line-C,226,178,48
67,Line-A,196,148,48
16,Line-A,204,157,47
77,Line-B,188,141,47
39,Line-C,222,176,46
53,Line-A,195,149,46
75,Line-B,196,150,46
15,Line-C,214,169,45
34,Line-B,202,157,45
84,Line-C,191,146,45
65,Line-B,194,150,44
83,Line-C,205,161,44
36,Line-B,202,159,43
60,Line-C,209,167,42
74,Line-B,199,157,42
7,Line-B,207,166,41
51,Line-B,180,139,41
1,Line-C,165,125,40
82,Line-A,177,137,40
29,Line-B,174,136,38
88,Line-A,190,152,38
97,Line-C,177,140,37
43,Line-C,184,148,36
52,Line-B,164,128,36
11,Line-B,163,128,35
35,Line-A,170,135,35
37,Line-A,181,147,34
45,Line-B,167,134,33
79,Line-A,162,129,33
46,Line-C,156,124,32
68,Line-C,175,144,31
31,Line-C,153,123,30
